{
  "n_ideal": [
    1.6236368417739868,
    2.3027591705322266,
    2.264404535293579,
    1.88762629032135,
    2.2227768898010254,
    1.8977937698364258,
    1.9787533283233643,
    1.98088800907135,
    2.0650548934936523,
    1.8870012760162354,
    2.0568995475769043,
    1.8784613609313965,
    2.257967472076416,
    2.1790881156921387,
    1.898686170578003,
    2.119187831878662,
    1.939131498336792,
    2.1013402938842773,
    1.8739970922470093,
    2.03991436958313,
    1.8990764617919922,
    2.111414670944214,
    1.8901381492614746,
    2.070364475250244,
    1.9120312929153442,
    2.1591720581054688,
    1.941999912261963,
    2.1507768630981445,
    1.9143104553222656,
    2.1120123863220215,
    1.9275412559509277,
    2.046583890914917,
    1.8432444334030151,
    2.243720054626465,
    1.848816990852356,
    1.9598350524902344,
    2.2963311672210693,
    1.875303864479065,
    2.153940200805664,
    1.8966045379638672,
    1.9817774295806885,
    1.813071370124817,
    2.037813901901245,
    1.859687328338623,
    2.175257921218872,
    1.8735013008117676,
    2.0028443336486816,
    1.8276422023773193,
    2.071540117263794,
    1.907412052154541,
    2.1153178215026855,
    1.852990746498108,
    2.1198670864105225,
    1.8915694952011108,
    2.0917856693267822,
    1.944919228553772,
    2.112924814224243,
    1.8556793928146362,
    2.1114189624786377,
    1.8215992450714111,
    2.003051519393921,
    1.8724483251571655,
    2.04823899269104,
    1.8618534803390503,
    2.141827344894409,
    1.8671320676803589,
    2.0506625175476074,
    1.9018449783325195,
    2.0865519046783447,
    1.8843538761138916,
    2.0820250511169434,
    1.8724116086959839,
    2.1038765907287598,
    1.9003559350967407,
    2.0348803997039795,
    1.8992608785629272,
    1.7594794034957886,
    2.0208654403686523,
    1.9397459030151367,
    2.1584792137145996,
    1.9134185314178467,
    2.0320284366607666,
    1.9157994985580444,
    2.116454839706421,
    1.9324240684509277,
    2.0232903957366943,
    1.8933236598968506,
    2.105409622192383,
    1.9495583772659302,
    2.059297561645508,
    1.9646767377853394,
    2.064026117324829,
    1.9277641773223877,
    2.057521104812622,
    1.8889687061309814,
    2.012012004852295,
    2.0408215522766113,
    2.0455188751220703,
    1.9815635681152344,
    1.6656774282455444
  ],
  "d_ideal_nm": [
    68.87464904785156,
    57.5359001159668,
    53.41145706176758,
    100.18511199951172,
    77.761474609375,
    70.05657196044922,
    65.550537109375,
    62.1937141418457,
    62.45948028564453,
    63.548946380615234,
    80.641357421875,
    76.85380554199219,
    80.19209289550781,
    93.63668060302734,
    80.89462280273438,
    70.13363647460938,
    62.4257926940918,
    70.39392852783203,
    69.86546325683594,
    73.8895492553711,
    61.68821716308594,
    68.45317840576172,
    78.7032470703125,
    58.979976654052734,
    70.5799560546875,
    72.30897521972656,
    60.1085090637207,
    70.87710571289062,
    71.38105773925781,
    65.51507568359375,
    59.3255729675293,
    69.73333740234375,
    75.17385864257812,
    75.65281677246094,
    87.25370025634766,
    97.4547348022461,
    75.97838592529297,
    77.02149963378906,
    69.51017761230469,
    60.97898483276367,
    71.406005859375,
    68.02880096435547,
    71.2371826171875,
    73.33281707763672,
    71.06484985351562,
    68.4378662109375,
    69.0231704711914,
    70.93568420410156,
    73.06417846679688,
    57.5806999206543,
    74.12490844726562,
    70.6131820678711,
    72.44381713867188,
    69.44206237792969,
    63.19115447998047,
    63.696529388427734,
    68.93017578125,
    71.37895202636719,
    74.62984466552734,
    73.88273620605469,
    62.74225616455078,
    74.42633056640625,
    64.13140106201172,
    70.35771179199219,
    76.96810913085938,
    67.3251953125,
    63.983829498291016,
    72.62954711914062,
    68.40643310546875,
    63.67277908325195,
    75.52729797363281,
    67.82830810546875,
    75.09451293945312,
    60.7379150390625,
    47.99482727050781,
    47.670745849609375,
    47.98439025878906,
    66.1641616821289,
    73.72300720214844,
    68.96501159667969,
    66.92919921875,
    70.0656967163086,
    66.75640869140625,
    69.83776092529297,
    69.13961029052734,
    66.9013671875,
    68.08206176757812,
    78.02359008789062,
    62.56294250488281,
    64.91841125488281,
    65.68931579589844,
    70.60333251953125,
    64.50534057617188,
    79.82028198242188,
    76.03333282470703,
    58.8299446105957,
    48.61653518676758,
    39.39647674560547,
    34.62529754638672,
    48.70820236206055
  ],
  "n_final": [
    1.6284376382827759,
    2.2099804878234863,
    2.223480463027954,
    1.8547648191452026,
    2.1996378898620605,
    1.9737337827682495,
    1.9364135265350342,
    2.16611647605896,
    1.8628911972045898,
    2.0259344577789307,
    2.19508957862854,
    1.843467116355896,
    2.159393548965454,
    2.0491373538970947,
    1.8402719497680664,
    2.248060464859009,
    1.844283103942871,
    1.9565142393112183,
    2.189518451690674,
    1.7944108247756958,
    2.208536148071289,
    1.9550151824951172,
    1.8247419595718384,
    2.2329471111297607,
    1.818215250968933,
    2.1559836864471436,
    2.110734462738037,
    1.8207011222839355,
    2.213007926940918,
    1.8316351175308228,
    2.050239086151123,
    2.1938586235046387,
    1.8006677627563477,
    2.191740036010742,
    2.138380765914917,
    1.8151135444641113,
    2.1563048362731934,
    2.1012096405029297,
    1.8831833600997925,
    2.1448583602905273,
    1.8866478204727173,
    1.975799798965454,
    2.095730781555176,
    1.8954339027404785,
    2.05120587348938,
    1.955492615699768,
    1.9739192724227905,
    2.0349392890930176,
    1.9788652658462524,
    2.0102126598358154,
    1.992736577987671,
    2.0209853649139404,
    1.9592664241790771,
    2.0475692749023438,
    1.969270944595337,
    1.9777379035949707,
    2.065829277038574,
    1.9095489978790283,
    2.0714311599731445,
    1.9508070945739746,
    1.9253642559051514,
    2.028357744216919,
    1.8737199306488037,
    2.058304786682129,
    1.9111182689666748,
    1.9403140544891357,
    2.0656464099884033,
    1.8778166770935059,
    2.0494561195373535,
    1.955735445022583,
    1.9626781940460205,
    2.058006763458252,
    1.9140918254852295,
    1.9793264865875244,
    1.9017837047576904,
    1.9161732196807861,
    1.918149709701538,
    1.9854345321655273,
    1.9627526998519897,
    1.9782652854919434,
    1.9939615726470947,
    2.0088183879852295,
    1.9670391082763672,
    2.006239891052246,
    2.0107839107513428,
    1.9618778228759766,
    2.060619354248047,
    1.965039849281311,
    1.991102695465088,
    2.0633487701416016,
    1.918829321861267,
    2.0628411769866943,
    1.9403560161590576,
    1.976218819618225,
    2.068248748779297,
    1.9082412719726562,
    2.146606922149658,
    2.115882396697998,
    1.9687738418579102,
    1.6524791717529297
  ],