{
  "n_ideal": [
    1.9159427881240845,
    2.397268295288086,
    1.6029365062713623,
    2.390178680419922,
    2.155202865600586,
    2.3818230628967285,
    1.631881594657898,
    2.395505428314209,
    1.6031211614608765,
    2.3177812099456787,
    1.6059257984161377,
    2.38659405708313,
    1.613947868347168,
    2.3614678382873535,
    1.6023006439208984,
    2.395813226699829,
    1.610832929611206,
    1.946007251739502,
    1.6018084287643433,
    1.6269315481185913,
    1.60340416431427,
    2.3932108879089355,
    1.673854112625122,
    1.6205030679702759,
    1.6107792854309082,
    1.6193170547485352,
    2.0797948837280273,
    1.8413375616073608,
    2.3447728157043457,
    1.6086429357528687,
    1.6112171411514282,
    1.6210212707519531,
    2.3904919624328613,
    1.6341521739959717,
    1.8046754598617554,
    1.6906766891479492,
    1.6502268314361572,
    2.379748582839966,
    1.6051498651504517,
    2.3936142921447754,
    1.9353610277175903,
    1.6155654191970825,
    1.6404709815979004,
    1.6051127910614014,
    1.671736717224121,
    1.6339703798294067,
    2.339543342590332,
    1.6095489263534546,
    2.3654913902282715,
    1.6081063747406006,
    2.38913631439209,
    1.6112207174301147,
    2.3837084770202637,
    1.6055428981781006,
    2.3730883598327637,
    1.6038026809692383,
    1.6965738534927368,
    2.2672102451324463,
    1.6180089712142944,
    2.348090410232544,
    1.6220625638961792,
    1.6276278495788574,
    1.7252200841903687,
    1.931931972503662,
    1.614108920097351,
    1.8907967805862427,
    1.6237845420837402,
    1.6730350255966187,
    1.6268898248672485,
    2.3938302993774414,
    1.6014766693115234,
    2.3969550132751465,
    1.6009094715118408,
    2.289663076400757,
    2.3498640060424805,
    2.382138252258301,
    1.608992338180542,
    1.6168609857559204,
    2.3935317993164062,
    1.6013317108154297,
    2.3979687690734863,
    1.6007883548736572,
    2.3951947689056396,
    1.6182665824890137,
    1.7604386806488037,
    1.6039085388183594,
    2.3936901092529297,
    2.063288688659668,
    1.6032097339630127,
    2.3910155296325684,
    2.331881523132324,
    1.6030795574188232,
    1.8730779886245728,
    1.6186614036560059,
    2.385165214538574,
    1.6020677089691162,
    2.3985939025878906,
    1.6014864444732666,
    2.395589828491211,
    2.13250470161438
  ],
  "d_ideal_nm": [
    85.01483154296875,
    80.52127075195312,
    75.80345153808594,
    40.5130729675293,
    89.04869079589844,
    26.283018112182617,
    96.34488677978516,
    45.98860168457031,
    52.8096923828125,
    23.052574157714844,
    26.07135009765625,
    32.116493225097656,
    53.486087799072266,
    65.01026916503906,
    79.03909301757812,
    28.127384185791016,
    22.606630325317383,
    21.976547241210938,
    22.996784210205078,
    20.849206924438477,
    24.64394187927246,
    24.472240447998047,
    25.72216796875,
    23.913780212402344,
    24.603296279907227,
    28.850757598876953,
    23.43217658996582,
    21.71919059753418,
    21.806386947631836,
    24.626935958862305,
    21.180952072143555,
    27.28825569152832,
    31.27120590209961,
    74.53294372558594,
    21.45920181274414,
    28.857608795166016,
    24.472801208496094,
    23.726078033447266,
    59.233070373535156,
    56.9912223815918,
    114.2219467163086,
    41.46110916137695,
    22.39719581604004,
    24.65768814086914,
    28.652976989746094,
    34.654640197753906,
    28.97073745727539,
    39.51387023925781,
    40.259891510009766,
    44.501983642578125,
    36.45965576171875,
    67.82360076904297,
    38.254112243652344,
    93.96125030517578,
    22.844505310058594,
    23.5043888092041,
    32.93869400024414,
    27.466821670532227,
    46.89789581298828,
    31.901180267333984,
    22.256065368652344,
    43.069122314453125,
    23.598386764526367,
    42.494388580322266,
    49.590728759765625,
    21.917509078979492,
    22.231033325195312,
    29.162431716918945,
    23.624637603759766,
    26.218505859375,
    81.21664428710938,
    23.174720764160156,
    63.96272277832031,
    89.07473754882812,
    28.925445556640625,
    25.702882766723633,
    22.738426208496094,
    44.71009826660156,
    36.54523849487305,
    72.40900421142578,
    44.56507873535156,
    67.37739562988281,
    41.39386749267578,
    85.00074768066406,
    77.89645385742188,
    29.53204345703125,
    39.923126220703125,
    102.48973846435547,
    70.73353576660156,
    49.05999755859375,
    112.04681396484375,
    30.19277000427246,
    26.92989158630371,
    39.07318115234375,
    40.54931640625,
    63.80432891845703,
    42.23865509033203,
    70.21732330322266,
    58.8650016784668,
    102.90413665771484
  ],
  "n_final": [
    1.606683611869812,
    2.3977174758911133,
    1.602851390838623,
    2.3979198932647705,
    1.6001912355422974,
    2.3951027393341064,
    2.0155062675476074,
    2.3673007488250732,
    1.6009013652801514,
    2.399590253829956,
    1.603644609451294,
    1.6264063119888306,
    1.6070799827575684,
    2.39632248878479,
    1.604264497756958,
    1.6064338684082031,
    1.6002471446990967,
    2.397430658340454,
    1.6658670902252197,
    1.6881779432296753,
    1.6008228063583374,
    2.3893308639526367,
    1.6046699285507202,
    1.681373119354248,
    1.917483925819397,
    2.2767412662506104,
    1.6578879356384277,
    1.6005104780197144,
    2.3839781284332275,
    1.6088391542434692,
    1.608036994934082,
    1.6029343605041504,
    2.3828368186950684,
    1.6918591260910034,
    2.3821029663085938,
    1.6016405820846558,
    1.602223515510559,
    2.3988449573516846,
    1.6015924215316772,
    1.9723143577575684,
    2.379098653793335,
    1.6015853881835938,
    1.6050218343734741,
    1.615970253944397,
    1.6070412397384644,
    1.6055574417114258,
    2.3901922702789307,
    1.6029912233352661,
    2.3891797065734863,
    1.6009283065795898,
    2.397827386856079,
    1.6018149852752686,
    2.3911221027374268,
    1.6010627746582031,
    2.3969624042510986,
    1.6003509759902954,
    1.6086360216140747,
    2.397749900817871,
    1.6030693054199219,
    2.3666348457336426,
    1.604459524154663,
    1.6152968406677246,
    2.379545211791992,
    1.649766445159912,
    1.6027697324752808,
    2.3590996265411377,
    1.6094566583633423,
    1.6125688552856445,
    1.6033447980880737,
    2.395648241043091,
    1.6002479791641235,
    2.396132230758667,
    1.6001945734024048,
    1.6277333498001099,
    1.6003482341766357,
    2.373161792755127,
    1.604203701019287,
    1.6071313619613647,
    2.3922343254089355,
    1.600422739982605,
    2.3983590602874756,
    1.6002792119979858,
    2.3946950435638428,
    1.606094241142273,
    1.6703310012817383,
    1.6015361547470093,
    2.3813743591308594,
    1.640740990638733,
    1.6016881465911865,
    2.382735013961792,
    2.363863945007324,
    1.6018245220184326,
    2.3779983520507812,
    1.6126365661621094,
    2.2557742595672607,
    1.6031354665756226,
    2.3992717266082764,
    1.6006172895431519,
    2.3967032432556152,
    1.6838188171386719
  ],