{
  "n_ideal": [
    1.65647292137146,
    2.2667806148529053,
    2.08640193939209,
    1.8330105543136597,
    2.132678270339966,
    2.0170838832855225,
    2.1448874473571777,
    1.8638172149658203,
    2.010603427886963,
    1.983367919921875,
    2.0019030570983887,
    1.8221516609191895,
    2.2408695220947266,
    2.2260794639587402,
    1.8547115325927734,
    2.0660274028778076,
    1.954652190208435,
    2.0738162994384766,
    1.852536916732788,
    2.0704681873321533,
    1.9242126941680908,
    2.0894503593444824,
    1.8959386348724365,
    2.101379156112671,
    1.9004218578338623,
    2.1693837642669678,
    1.8550492525100708,
    2.1290431022644043,
    2.2399091720581055,
    1.836571455001831,
    2.230685234069824,
    1.8952261209487915,
    2.0046772956848145,
    1.8972508907318115,
    2.1390464305877686,
    1.94318425655365,
    2.116030693054199,
    1.9060266017913818,
    2.181983470916748,
    1.847987413406372,
    2.0361878871917725,
    1.8571077585220337,
    2.07061767578125,
    1.9352161884307861,
    2.1481776237487793,
    1.8626883029937744,
    2.0427682399749756,
    1.8157634735107422,
    2.08616304397583,
    1.893441915512085,
    2.110628604888916,
    1.8910928964614868,
    2.06877064704895,
    1.902739405632019,
    2.1348156929016113,
    1.8883146047592163,
    2.114123821258545,
    1.855820655822754,
    2.092620611190796,
    1.8835749626159668,
    2.040287733078003,
    1.8985437154769897,
    2.1178574562072754,
    1.8836660385131836,
    2.1085362434387207,
    1.8379619121551514,
    2.076124668121338,
    1.899519920349121,
    2.0585498809814453,
    1.8919129371643066,
    2.10479736328125,
    1.9065145254135132,
    2.070908784866333,
    1.8364688158035278,
    2.1279184818267822,
    1.9139907360076904,
    1.9914876222610474,
    1.8347347974777222,
    2.0229039192199707,
    1.821771264076233,
    1.9250292778015137,
    2.0471584796905518,
    1.8397598266601562,
    2.0965993404388428,
    1.9654960632324219,
    2.057040214538574,
    1.888209342956543,
    2.1026813983917236,
    1.9790736436843872,
    2.0312581062316895,
    1.9335277080535889,
    2.141608238220215,
    1.9473700523376465,
    2.0791850090026855,
    1.9566311836242676,
    1.9400370121002197,
    1.888658046722412,
    2.133152961730957,
    1.9753514528274536,
    1.8063576221466064
  ],
  "d_ideal_nm": [
    71.26011657714844,
    63.6180305480957,
    67.8838882446289,
    68.0363540649414,
    83.12684631347656,
    73.49395751953125,
    65.2661361694336,
    59.01325225830078,
    63.259368896484375,
    73.01771545410156,
    71.57274627685547,
    77.52915954589844,
    91.30821990966797,
    91.81275177001953,
    76.8688735961914,
    71.35533142089844,
    65.90139770507812,
    65.75638580322266,
    67.48805236816406,
    75.4231948852539,
    67.29293823242188,
    64.41223907470703,
    72.39488983154297,
    62.487030029296875,
    69.70809936523438,
    81.09173583984375,
    67.59308624267578,
    88.85166931152344,
    84.85688781738281,
    85.6244125366211,
    70.33287048339844,
    64.59789276123047,
    65.78349304199219,
    73.8468017578125,
    60.59436798095703,
    69.75460052490234,
    63.8492431640625,
    73.23861694335938,
    69.36492919921875,
    70.88893127441406,
    76.24859619140625,
    62.377723693847656,
    64.03115844726562,
    71.50230407714844,
    65.42230224609375,
    73.19805145263672,
    70.09716796875,
    73.01466369628906,
    72.29476928710938,
    64.92515563964844,
    68.8935546875,
    71.15330505371094,
    64.81910705566406,
    67.02885437011719,
    69.13652801513672,
    68.2988510131836,
    72.65093994140625,
    71.84799194335938,
    66.34140014648438,
    70.47172546386719,
    66.98575592041016,
    70.2674560546875,
    62.57939910888672,
    70.84980010986328,
    75.77108764648438,
    70.5204849243164,
    68.03247833251953,
    70.88619995117188,
    62.733802795410156,
    72.55300903320312,
    68.01846313476562,
    61.496734619140625,
    77.00542449951172,
    70.69681549072266,
    71.52238464355469,
    77.1858901977539,
    60.222904205322266,
    67.24293518066406,
    67.25057983398438,
    54.71218490600586,
    46.601173400878906,
    53.05393981933594,
    60.250389099121094,
    73.71070861816406,
    68.74679565429688,
    69.05328369140625,
    68.09063720703125,
    67.58723449707031,
    64.95909118652344,
    64.29623413085938,
    73.62362670898438,
    69.92013549804688,
    69.32665252685547,
    72.04618835449219,
    71.11239624023438,
    67.25360107421875,
    60.48299026489258,
    60.4836540222168,
    64.62539672851562,
    91.10748291015625
  ],
  "n_final": [
    1.6781328916549683,
    2.1665682792663574,
    2.073779582977295,
    1.8522882461547852,
    2.122936964035034,
    2.1569056510925293,
    1.860551118850708,
    2.1493277549743652,
    1.911552906036377,
    1.9598380327224731,
    2.112666130065918,
    1.7844058275222778,
    2.1669998168945312,
    2.1304643154144287,
    1.8151216506958008,
    2.178396224975586,
    1.9067693948745728,
    1.9406812191009521,
    2.1786141395568848,
    1.7793291807174683,
    2.164344549179077,
    1.8346829414367676,
    2.0174076557159424,
    2.1215457916259766,
    1.8132214546203613,
    2.181199073791504,
    1.8073816299438477,
    2.053611993789673,
    2.156475067138672,
    1.7977869510650635,
    2.1701700687408447,
    1.853888988494873,
    1.9709417819976807,
    2.1537373065948486,
    1.7735713720321655,
    2.129221200942993,
    1.837655782699585,
    2.0419223308563232,
    2.0591890811920166,
    1.8687838315963745,
    2.0939559936523438,
    1.8067344427108765,
    2.027752161026001,
    1.907088279724121,
    1.9964497089385986,
    2.0471644401550293,
    1.9141627550125122,
    2.0680301189422607,
    1.9327094554901123,
    2.0217766761779785,
    1.961476445198059,
    1.962236762046814,
    1.9653332233428955,
    1.9789717197418213,
    1.9640039205551147,
    1.9811605215072632,
    1.9670015573501587,
    1.9388372898101807,
    2.0242695808410645,
    1.9040391445159912,
    2.0196330547332764,
    1.9128543138504028,
    1.9930710792541504,
    1.9944323301315308,
    1.9054838418960571,
    2.0699191093444824,
    1.8675436973571777,
    2.015087604522705,
    1.9518464803695679,
    1.950364351272583,
    2.0887491703033447,
    1.9106026887893677,
    2.0597312450408936,
    1.9618030786514282,
    1.9566160440444946,
    2.046943426132202,
    1.9385526180267334,
    2.0321762561798096,
    1.9785401821136475,
    1.9818196296691895,
    2.018711805343628,
    1.9778544902801514,
    2.004586935043335,
    1.9852079153060913,
    2.0125794410705566,
    2.001171112060547,
    1.997403621673584,
    2.057435989379883,
    1.9793434143066406,
    2.034320831298828,
    2.018191337585449,
    1.9454320669174194,
    2.035926103591919,
    1.9524070024490356,
    1.957403302192688,
    2.0633597373962402,
    1.9484806060791016,
    2.0517401695251465,
    2.01147198677063,
    1.6593332290649414
  ],