{
  "n_ideal": [
    1.65647292137146,
    2.2667806148529053,
    2.08640193939209,
    1.8330105543136597,
    2.132678270339966,
    2.0170838832855225,
    2.1448874473571777,
    1.8638172149658203,
    2.010603427886963,
    1.983367919921875,
    2.0019030570983887,
    1.8221516609191895,
    2.2408695220947266,
    2.2260794639587402,
    1.8547115325927734,
    2.0660274028778076,
    1.954652190208435,
    2.0738162994384766,
    1.852536916732788,
    2.0704681873321533,
    1.9242126941680908,
    2.0894503593444824,
    1.8959386348724365,
    2.101379156112671,
    1.9004218578338623,
    2.1693837642669678,
    1.8550492525100708,
    2.1290431022644043,
    2.2399091720581055,
    1.836571455001831,
    2.230685234069824,
    1.8952261209487915,
    2.0046772956848145,
    1.8972508907318115,
    2.1390464305877686,
    1.94318425655365,
    2.116030693054199,
    1.9060266017913818,
    2.181983470916748,
    1.847987413406372,
    2.0361878871917725,
    1.8571077585220337,
    2.07061767578125,
    1.9352161884307861,
    2.1481776237487793,
    1.8626883029937744,
    2.0427682399749756,
    1.8157634735107422,
    2.08616304397583,
    1.893441915512085,
    2.110628604888916,
    1.8910928964614868,
    2.06877064704895,
    1.902739405632019,
    2.1348156929016113,
    1.8883146047592163,
    2.114123821258545,
    1.855820655822754,
    2.092620611190796,
    1.8835749626159668,
    2.040287733078003,
    1.8985437154769897,
    2.1178574562072754,
    1.8836660385131836,
    2.1085362434387207,
    1.8379619121551514,
    2.076124668121338,
    1.899519920349121,
    2.0585498809814453,
    1.8919129371643066,
    2.10479736328125,
    1.9065145254135132,
    2.070908784866333,
    1.8364688158035278,
    2.1279184818267822,
    1.9139907360076904,
    1.9914876222610474,
    1.8347347974777222,
    2.0229039192199707,
    1.821771264076233,
    1.9250292778015137,
    2.0471584796905518,
    1.8397598266601562,
    2.0965993404388428,
    1.9654960632324219,
    2.057040214538574,
    1.888209342956543,
    2.1026813983917236,
    1.9790736436843872,
    2.0312581062316895,
    1.9335277080535889,
    2.141608238220215,
    1.9473700523376465,
    2.0791850090026855,
    1.9566311836242676,
    1.9400370121002197,
    1.888658046722412,
    2.133152961730957,
    1.9753514528274536,
    1.8063576221466064
  ],
  "d_ideal_nm": [
    71.26011657714844,
    63.6180305480957,
    67.8838882446289,
    68.0363540649414,
    83.12684631347656,
    73.49395751953125,
    65.2661361694336,
    59.01325225830078,
    63.259368896484375,
    73.01771545410156,
    71.57274627685547,
    77.52915954589844,
    91.30821990966797,
    91.81275177001953,
    76.8688735961914,
    71.35533142089844,
    65.90139770507812,
    65.75638580322266,
    67.48805236816406,
    75.4231948852539,
    67.29293823242188,
    64.41223907470703,
    72.39488983154297,
    62.487030029296875,
    69.70809936523438,
    81.09173583984375,
    67.59308624267578,
    88.85166931152344,
    84.85688781738281,
    85.6244125366211,
    70.33287048339844,
    64.59789276123047,
    65.78349304199219,
    73.8468017578125,
    60.59436798095703,
    69.75460052490234,
    63.8492431640625,
    73.23861694335938,
    69.36492919921875,
    70.88893127441406,
    76.24859619140625,
    62.377723693847656,
    64.03115844726562,
    71.50230407714844,
    65.42230224609375,
    73.19805145263672,
    70.09716796875,
    73.01466369628906,
    72.29476928710938,
    64.92515563964844,
    68.8935546875,
    71.15330505371094,
    64.81910705566406,
    67.02885437011719,
    69.13652801513672,
    68.2988510131836,
    72.65093994140625,
    71.84799194335938,
    66.34140014648438,
    70.47172546386719,
    66.98575592041016,
    70.2674560546875,
    62.57939910888672,
    70.84980010986328,
    75.77108764648438,
    70.5204849243164,
    68.03247833251953,
    70.88619995117188,
    62.733802795410156,
    72.55300903320312,
    68.01846313476562,
    61.496734619140625,
    77.00542449951172,
    70.69681549072266,
    71.52238464355469,
    77.1858901977539,
    60.222904205322266,
    67.24293518066406,
    67.25057983398438,
    54.71218490600586,
    46.601173400878906,
    53.05393981933594,
    60.250389099121094,
    73.71070861816406,
    68.74679565429688,
    69.05328369140625,
    68.09063720703125,
    67.58723449707031,
    64.95909118652344,
    64.29623413085938,
    73.62362670898438,
    69.92013549804688,
    69.32665252685547,
    72.04618835449219,
    71.11239624023438,
    67.25360107421875,
    60.48299026489258,
    60.4836540222168,
    64.62539672851562,
    91.10748291015625
  ],
  "n_final": [
    1.6687076091766357,
    2.1888890266418457,
    2.0596203804016113,
    1.8465311527252197,
    2.1947240829467773,
    2.05230975151062,
    1.8903288841247559,
    2.1680212020874023,
    1.903978705406189,
    2.035216808319092,
    2.0903077125549316,
    1.8018146753311157,
    2.216248035430908,
    2.1220827102661133,
    1.8256014585494995,
    2.1861042976379395,
    1.8878657817840576,
    2.0220866203308105,
    2.163968086242676,
    1.7856003046035767,
    2.2026076316833496,
    1.8308069705963135,
    2.075486421585083,
    2.11669921875,
    1.8337105512619019,
    2.211829900741577,
    1.8031971454620361,
    2.0705785751342773,
    2.184051990509033,
    1.7978371381759644,
    2.2108852863311768,
    1.904059886932373,
    1.9402501583099365,
    2.195312976837158,
    1.7715184688568115,
    2.149768590927124,
    1.8677078485488892,
    2.035526752471924,
    2.105700969696045,
    1.8480502367019653,
    2.097418785095215,
    1.7918846607208252,
    2.0358200073242188,
    1.9512264728546143,
    1.9735987186431885,
    2.076474189758301,
    1.8941959142684937,
    2.0741119384765625,
    1.9629713296890259,
    2.034860610961914,
    2.000979423522949,
    1.9601898193359375,
    1.9735772609710693,
    1.987987995147705,
    1.982397198677063,
    1.9896495342254639,
    1.9942500591278076,
    1.9161970615386963,
    2.0513787269592285,
    1.90460205078125,
    2.015836477279663,
    1.9945316314697266,
    1.9295945167541504,
    2.095392942428589,
    1.8745898008346558,
    2.049899101257324,
    1.95107901096344,
    1.9473530054092407,
    2.084774971008301,
    1.884734869003296,
    2.0744307041168213,
    1.9113810062408447,
    1.9872894287109375,
    2.0628345012664795,
    1.9160659313201904,
    2.0253396034240723,
    1.8766463994979858,
    1.974400520324707,
    1.9520184993743896,
    1.9498995542526245,
    1.9072015285491943,
    1.9664840698242188,
    1.9292967319488525,
    1.9935226440429688,
    1.96518874168396,
    2.0212655067443848,
    1.9881041049957275,
    1.9790148735046387,
    1.944655418395996,
    2.00154447555542,
    1.9804896116256714,
    1.9914227724075317,
    1.9416546821594238,
    1.9346685409545898,
    2.077129364013672,
    1.9290783405303955,
    2.059424877166748,
    2.083529472351074,
    1.983970046043396,
    1.6890287399291992
  ],