{
  "n_ideal": [
    1.9282320737838745,
    2.3999691009521484,
    1.6000019311904907,
    2.399975061416626,
    1.6007782220840454,
    2.322908639907837,
    1.6173348426818848,
    2.3996670246124268,
    1.6000007390975952,
    2.399824619293213,
    1.6000020503997803,
    2.3973143100738525,
    1.600236177444458,
    2.39982271194458,
    1.600001335144043,
    2.399986743927002,
    1.6000005006790161,
    2.399972915649414,
    1.600000262260437,
    2.3999152183532715,
    1.6000018119812012,
    2.399989128112793,
    1.6000884771347046,
    1.6191538572311401,
    1.6005892753601074,
    1.6004984378814697,
    1.6797739267349243,
    1.616889476776123,
    2.379885673522949,
    1.6160063743591309,
    1.604606032371521,
    1.6000680923461914,
    1.6039209365844727,
    2.085706949234009,
    2.3758397102355957,
    1.6062041521072388,
    1.6033703088760376,
    1.7335927486419678,
    1.6447346210479736,
    1.6033844947814941,
    1.6216535568237305,
    1.602203607559204,
    1.6151288747787476,
    1.6037200689315796,
    1.6023411750793457,
    1.6049599647521973,
    1.6905457973480225,
    2.0748672485351562,
    1.6404303312301636,
    1.600834846496582,
    1.6019062995910645,
    1.6014454364776611,
    1.6050481796264648,
    1.9095515012741089,
    2.0691893100738525,
    1.6633152961730957,
    1.6114212274551392,
    1.602489709854126,
    1.600987434387207,
    1.614377498626709,
    1.607258677482605,
    1.6063176393508911,
    1.6254377365112305,
    1.6012476682662964,
    1.613444209098816,
    1.6030863523483276,
    1.601738691329956,
    1.6024551391601562,
    1.6017102003097534,
    2.0000691413879395,
    1.6000103950500488,
    2.3934521675109863,
    1.6000021696090698,
    1.625180721282959,
    1.6000038385391235,
    2.3993422985076904,
    1.6002795696258545,
    2.3743767738342285,
    1.600517988204956,
    1.6083656549453735,
    1.6037640571594238,
    1.60077702999115,
    2.3956925868988037,
    2.3989312648773193,
    1.6033629179000854,
    1.607104778289795,
    2.385263442993164,
    2.094913959503174,
    2.395024061203003,
    2.399144411087036,
    2.179436683654785,
    1.6005030870437622,
    2.0452592372894287,
    1.6000194549560547,
    2.3982343673706055,
    1.600011944770813,
    2.3999345302581787,
    1.6000006198883057,
    2.3999085426330566,
    2.232217311859131
  ],
  "d_ideal_nm": [
    104.4303207397461,
    53.79253005981445,
    93.58197021484375,
    37.134521484375,
    84.43559265136719,
    28.66864776611328,
    113.24502563476562,
    43.8508186340332,
    74.79780578613281,
    46.54682159423828,
    78.08378601074219,
    46.12965774536133,
    80.1640396118164,
    44.973350524902344,
    81.93815612792969,
    41.13842010498047,
    78.25248718261719,
    36.74115753173828,
    60.43693542480469,
    25.52459716796875,
    70.66316223144531,
    20.53338050842285,
    20.980030059814453,
    20.162851333618164,
    20.454612731933594,
    24.418115615844727,
    20.36956214904785,
    20.047515869140625,
    20.518186569213867,
    20.14983367919922,
    20.121505737304688,
    20.417057037353516,
    20.48626136779785,
    23.403545379638672,
    21.16779136657715,
    58.64604568481445,
    21.77773666381836,
    20.10225486755371,
    20.080528259277344,
    20.59835433959961,
    21.23735809326172,
    20.71889305114746,
    20.45640754699707,
    21.369918823242188,
    24.339330673217773,
    28.989200592041016,
    23.488216400146484,
    22.876968383789062,
    22.31404685974121,
    20.473024368286133,
    20.137798309326172,
    21.01105308532715,
    21.648672103881836,
    20.611635208129883,
    20.62913703918457,
    20.576141357421875,
    20.812536239624023,
    20.515108108520508,
    20.886255264282227,
    20.79686737060547,
    20.724512100219727,
    20.603206634521484,
    20.699134826660156,
    20.722505569458008,
    21.388450622558594,
    20.29128074645996,
    20.2155818939209,
    20.744312286376953,
    20.062171936035156,
    20.013534545898438,
    20.03676414489746,
    20.0129451751709,
    20.11388397216797,
    20.084869384765625,
    20.45635986328125,
    20.361906051635742,
    20.24967384338379,
    20.58081817626953,
    24.31458282470703,
    22.430418014526367,
    20.07473373413086,
    20.45663070678711,
    27.42008399963379,
    112.91838836669922,
    84.46488952636719,
    34.91416931152344,
    119.46585083007812,
    117.87286376953125,
    39.80507278442383,
    22.97601318359375,
    118.46381378173828,
    27.922088623046875,
    20.88365364074707,
    32.13683319091797,
    24.85957145690918,
    26.409439086914062,
    20.965381622314453,
    33.03620910644531,
    64.79689025878906,
    98.64508819580078
  ],
  "n_final": [
    1.6203043460845947,
    2.39993953704834,
    1.6000028848648071,
    2.399933099746704,
    1.6003106832504272,
    2.38102650642395,
    1.6025358438491821,
    2.3976919651031494,
    1.6000021696090698,
    2.3994359970092773,
    1.6000120639801025,
    2.3945369720458984,
    1.6005744934082031,
    2.399610757827759,
    1.6000038385391235,
    2.3999757766723633,
    1.600001335144043,
    2.39994478225708,
    1.6000005006790161,
    2.39993953704834,
    1.6000028848648071,
    2.39992618560791,
    1.6001461744308472,
    1.602051019668579,
    1.6007951498031616,
    1.6011074781417847,
    2.2860922813415527,
    1.6016408205032349,
    1.6037620306015015,
    1.6031206846237183,
    1.6025439500808716,
    1.6003177165985107,
    1.601759672164917,
    1.6014753580093384,
    1.6063429117202759,
    1.6029633283615112,
    1.6021957397460938,
    1.600425124168396,
    1.601043939590454,
    1.6007084846496582,
    1.6035223007202148,
    1.6101402044296265,
    2.2967448234558105,
    1.6016595363616943,
    1.6010496616363525,
    1.6165578365325928,
    2.3945677280426025,
    1.6069782972335815,
    1.6033740043640137,
    1.6031315326690674,
    1.618085265159607,
    1.6031031608581543,
    1.6024929285049438,
    1.601540446281433,
    1.703534483909607,
    2.395618200302124,
    1.6144336462020874,
    1.6025290489196777,
    1.6029844284057617,
    1.623862624168396,
    2.1391870975494385,
    1.609675407409668,
    1.6050753593444824,
    1.601415991783142,
    1.6115708351135254,
    1.6091175079345703,
    1.6026601791381836,
    1.6020978689193726,
    1.6021506786346436,
    2.397223472595215,
    1.6000241041183472,
    1.6026331186294556,
    1.6000081300735474,
    2.3932688236236572,
    1.600021481513977,
    2.3983547687530518,
    1.600605845451355,
    1.8341295719146729,
    1.6012266874313354,
    1.6028482913970947,
    1.6015255451202393,
    1.6004337072372437,
    2.3967952728271484,
    2.397801637649536,
    1.6068674325942993,
    1.6015232801437378,
    2.392613410949707,
    2.3971033096313477,
    2.3943209648132324,
    2.03859806060791,
    2.2690558433532715,
    1.601172685623169,
    2.393759250640869,
    1.6000522375106812,
    1.7595301866531372,
    1.6000652313232422,
    2.3998935222625732,
    1.6000028848648071,
    2.3981966972351074,
    1.7114452123641968
  ],