{
  "n_ideal": [
    1.6237207651138306,
    2.2791285514831543,
    2.2257416248321533,
    1.6677619218826294,
    1.9029550552368164,
    1.9396164417266846,
    2.0708632469177246,
    2.2293243408203125,
    2.0411665439605713,
    1.858886480331421,
    2.0645828247070312,
    1.760636329650879,
    1.92210054397583,
    2.0224769115448,
    2.0036461353302,
    2.218635082244873,
    1.8650106191635132,
    2.0446834564208984,
    2.1781628131866455,
    2.1039936542510986,
    1.934726595878601,
    2.1989340782165527,
    1.7993683815002441,
    2.196202278137207,
    1.9553627967834473,
    1.9743545055389404,
    2.1718385219573975,
    1.8795685768127441,
    2.158707618713379,
    1.7960822582244873,
    2.1446337699890137,
    1.9181289672851562,
    2.082805871963501,
    2.048680543899536,
    1.8076965808868408,
    2.213060140609741,
    1.8667898178100586,
    2.221583366394043,
    2.067685127258301,
    2.064612865447998,
    1.8046269416809082,
    2.1618447303771973,
    1.810105323791504,
    1.941863775253296,
    2.0170857906341553,
    1.9224584102630615,
    2.137800455093384,
    1.7385655641555786,
    2.154874801635742,
    1.8118081092834473,
    2.0399980545043945,
    1.9816917181015015,
    1.7875916957855225,
    2.2205324172973633,
    1.782259225845337,
    2.151181697845459,
    1.7297309637069702,
    2.1500251293182373,
    1.9669451713562012,
    1.7982381582260132,
    2.170620918273926,
    1.7331137657165527,
    2.143444061279297,
    1.7601394653320312,
    2.1669304370880127,
    1.8541769981384277,
    1.9862339496612549,
    2.231151580810547,
    1.7356350421905518,
    2.172578811645508,
    1.8046391010284424,
    2.1012887954711914,
    1.8756040334701538,
    2.1156506538391113,
    2.102632761001587,
    1.9154956340789795,
    2.1360840797424316,
    1.7607232332229614,
    2.1871883869171143,
    1.8232475519180298,
    2.00319242477417,
    1.994645118713379,
    2.066558837890625,
    2.136676549911499,
    1.8327808380126953,
    1.995562195777893,
    1.788757562637329,
    2.2101902961730957,
    1.8709590435028076,
    1.994776725769043,
    2.000208616256714,
    1.867397427558899,
    2.1892166137695312,
    1.8317255973815918,
    1.9332131147384644,
    1.8613414764404297,
    2.227065086364746,
    2.097935676574707,
    2.1813642978668213,
    2.0235745906829834
  ],
  "d_ideal_nm": [
    76.71055603027344,
    48.51458740234375,
    51.954254150390625,
    66.18803405761719,
    67.42869567871094,
    76.67234802246094,
    89.70892333984375,
    65.76593017578125,
    76.75928497314453,
    78.14143371582031,
    78.95562744140625,
    71.78897094726562,
    58.783077239990234,
    62.57796859741211,
    61.64098358154297,
    70.07875061035156,
    85.79681396484375,
    88.15110778808594,
    73.8008041381836,
    70.07454681396484,
    67.18293762207031,
    65.4913330078125,
    73.84565734863281,
    65.09483337402344,
    68.95252227783203,
    72.52115631103516,
    63.425758361816406,
    59.84522247314453,
    64.77304077148438,
    70.14881896972656,
    57.5048828125,
    75.29928588867188,
    60.968017578125,
    69.71952819824219,
    68.87774658203125,
    70.76580047607422,
    68.51124572753906,
    69.46945190429688,
    81.05970001220703,
    77.95977020263672,
    84.95149993896484,
    73.80777740478516,
    61.74935531616211,
    60.47549819946289,
    64.01811218261719,
    68.68793487548828,
    69.58172607421875,
    70.78038024902344,
    68.80643463134766,
    61.847869873046875,
    72.6177749633789,
    74.92413330078125,
    71.84769439697266,
    65.15036010742188,
    59.282779693603516,
    66.53390502929688,
    69.68389129638672,
    69.22955322265625,
    78.66259765625,
    75.25837707519531,
    56.65394592285156,
    76.75355529785156,
    61.367454528808594,
    65.01329040527344,
    64.20562744140625,
    68.91925048828125,
    71.418701171875,
    74.92837524414062,
    70.52423095703125,
    64.76688385009766,
    68.75059509277344,
    61.317779541015625,
    67.34916687011719,
    71.77836608886719,
    65.67149353027344,
    68.60488891601562,
    68.80799865722656,
    74.19823455810547,
    73.00614929199219,
    72.72211456298828,
    62.90969467163086,
    61.77572250366211,
    65.44696044921875,
    75.61801147460938,
    71.94664001464844,
    66.31519317626953,
    67.50234985351562,
    70.98159790039062,
    69.19307708740234,
    70.86422729492188,
    68.22945404052734,
    75.51193237304688,
    61.24089050292969,
    77.13423919677734,
    64.58744049072266,
    54.050662994384766,
    62.110809326171875,
    96.61512756347656,
    70.30294799804688,
    43.6284065246582
  ],
  "n_final": [
    1.650684118270874,
    2.027324676513672,
    2.3406386375427246,
    1.8787527084350586,
    1.6669883728027344,
    2.1365458965301514,
    2.3264036178588867,
    1.7086336612701416,
    2.1542458534240723,
    2.3123626708984375,
    1.6363959312438965,
    2.004140853881836,
    2.1433005332946777,
    1.7095497846603394,
    2.3180644512176514,
    2.132708787918091,
    1.646968126296997,
    1.9748330116271973,
    2.341587543487549,
    2.2307589054107666,
    1.7225260734558105,
    2.237607717514038,
    2.183264970779419,
    1.859755039215088,
    1.8805644512176514,
    2.048008680343628,
    2.1631808280944824,
    1.9170631170272827,
    2.2311525344848633,
    1.8808289766311646,
    2.0439863204956055,
    2.1376147270202637,
    2.1425845623016357,
    1.9327378273010254,
    1.825732707977295,
    2.269131660461426,
    1.932241439819336,
    1.9254690408706665,
    2.019232749938965,
    2.1133389472961426,
    1.8857014179229736,
    1.9255410432815552,
    1.978562593460083,
    1.9400649070739746,
    2.0282907485961914,
    1.9038734436035156,
    1.9810853004455566,
    2.0412771701812744,
    1.879785180091858,
    1.992125391960144,
    2.0543484687805176,
    1.990798830986023,
    1.8003171682357788,
    2.2057535648345947,
    1.95476496219635,
    2.0664663314819336,
    1.922001838684082,
    2.0290467739105225,
    2.0745015144348145,
    1.8636212348937988,
    2.20316219329834,
    1.7718288898468018,
    2.2028048038482666,
    1.9006558656692505,
    2.1435179710388184,
    1.8749877214431763,
    1.9380428791046143,
    2.2456116676330566,
    1.761914610862732,
    2.2247328758239746,
    1.790374517440796,
    2.2148470878601074,
    1.842435359954834,
    2.1184256076812744,
    2.1281354427337646,
    1.811454176902771,
    2.169788360595703,
    1.7936209440231323,
    2.180366277694702,
    1.7709559202194214,
    2.2140331268310547,
    1.9275871515274048,
    1.948804497718811,
    2.1484804153442383,
    1.8133574724197388,
    2.175715446472168,
    1.8497673273086548,
    2.1531124114990234,
    1.8096961975097656,
    2.1217949390411377,
    2.107417583465576,
    1.8762626647949219,
    2.0369856357574463,
    1.8136628866195679,
    2.180581569671631,
    1.9200170040130615,
    2.182631492614746,
    2.082092523574829,
    2.2065112590789795,
    1.675247311592102
  ],